#,,mapid,scriptid,mapref,flag,prize,prize text,amount,x,x,x,x,x,addr,next addr,special,checks required,missable,provides,notes/difficulty,
0,S. Jungle,0x38,0x7F2,0x1c,$228F&0x10,0x210,Clay,,,,,,,0x9380ed,0x9380f3,,weapon,,,,
1,S. Jungle,0x38,0x7F5,0x1b,$2291&0x02,0x214,Ash,,,,,,,0x938243,0x938249,,weapon,,,,
2,S. Jungle,0x38,0x7F8,0x1a,$2290&0x10,0x203,Root,,,,,,,0x9381c1,0x9381c7,,weapon,,,dumb,
3,S. Jungle,0x38,0x7FB,0x19,$2292&0x08,0x201,Water,,,,,,,0x938347,0x93834d,,weapon,,,dumb,
4,S. Jungle,0x38,0x7FE,0x18,$2291&0x01,0x214,Ash,,,,,,,0x938229,0x93822f,,,,,early,
5,S. Jungle,0x38,0x801,0x17,$2290&0x80,0x214,Ash,,,,,,,0x93820f,0x938215,,,,,early,
6,S. Jungle,0x38,0x804,0x16,$2292&0x04,0x201,Water,,,,,,,0x93832d,0x938333,,,,,early,
7,S. Jungle,0x38,0x807,0x15,$2292&0x02,0x201,Water,,,,,,,0x938313,0x938319,,,,,early,
8,S. Jungle,0x38,0x80A,0x14,$2292&0x01,0x201,Water,,,,,,,0x9382f9,0x9382ff,,,,,early,
9,S. Jungle,0x38,0x80D,0x13,$2290&0x08,0x203,Root,,,,,,,0x9381a7,0x9381ad,,,,,early,
10,S. Jungle,0x38,0x810,0x12,$2291&0x80,0x201,Water,,,,,,,0x9382df,0x9382e5,,,,,early,
11,S. Jungle,0x38,0x813,0x11,$2291&0x40,0x201,Water,,,,,,,0x9382c5,0x9382cb,,,,,early,
12,S. Jungle,0x38,0x816,0x10,$2290&0x04,0x203,Root,,,,,,,0x93818d,0x938193,,,,,early,
13,S. Jungle,0x38,0x819,0xe,$228F&0x08,0x210,Clay,,,,,,,0x9380d3,0x9380d9,,,,,early,
14,S. Jungle,0x38,0x81C,0xf,$2291&0x20,0x201,Water,,,,,,,0x9382ab,0x9382b1,,,,,early,
15,S. Jungle,0x38,0x81F,0xd,$2290&0x02,0x203,Root,,,,,,,0x938173,0x938179,,,,,early,
16,S. Jungle,0x38,0x822,0xb,$2291&0x08,0x201,Water,,,,,,,0x938277,0x93827d,,,,,early,
17,S. Jungle,0x38,0x825,0x9,$228F&0x20,0x203,Root,,,,,,,0x93810b,0x938111,,weapon,,,dumb,
18,S. Jungle,0x38,0x82E,0xa,$228F&0x80,0x203,Root,,,,,,,0x93813f,0x938145,,weapon,,,,
19,S. Jungle,0x38,0x831,0x7,$2290&0x40,0x214,Ash,,,,,,,0x9381f5,0x9381fb,,weapon,,,dumb,
20,S. Jungle,0x38,0x834,0x8,$2291&0x04,0x201,Water,,,,,,,0x93825d,0x938263,,,,,early,
21,S. Jungle,0x38,0x837,0xc,$2290&0x01,0x203,Root,,,,,,,0x938159,0x93815f,,,,,early,
22,S. Jungle,0x38,0x83A,0x1d,$2291&0x10,0x201,Water,,,,,,,0x938291,0x938297,,,,,early,
23,S. Jungle,0x38,0x83D,0x1e,$228F&0x40,0x203,Root,,,,,,,0x938125,0x93812b,,,,,early,
24,Raptors,0x5C,0x1014,0x9,$22B4&0x10,0x20F,Crystal,,,,,,,0x938727,0x93872d,,,missable,,early,
25,Raptors,0x5C,0x1017,0x8,$22B4&0x04,0x204,Oil,,,,,,,0x9386eb,0x9386f1,,,missable,,early,
26,Raptors,0x5C,0x101A,0x7,$22B4&0x08,0x20F,Crystal,,,,,,,0x938709,0x93870f,,,missable,,early,
27,Raptors,0x5C,0x101D,0x6,$22B4&0x02,0x201,Water,,,,,,,0x9386cd,0x9386d3,,,missable,,early,
28,FE Village,0x25,0x50D,0x14,$2292&0x10,0x214,Ash,,,,,,,0x94bfa5,0x94bfab,respawns,,,,early,
29,FE Village,0x25,0x510,0x13,$2292&0x10,0x214,Ash,,,,,,,0x94bf81,0x94bf87,respawns,,,,early,
30,FE Village,0x25,0x513,0x12,$2292&0x10,0x214,Ash,,,,,,,0x94bf5d,0x94bf63,respawns,,,,early,
31,FE Village,0x25,0x519,0xc,$2293&0x08,0x201,Water,,,,,,,0x94c065,0x94c06b,,,,,early,
32,FE Village,0x25,0x51C,0xb,$2293&0x04,0x201,Water,,,,,,,0x94c04b,0x94c051,,,,,early,
33,FE Village,0x25,0x51F,0xa,$2294&0x10,0x203,Root,,,,,,,0x94c152,0x94c158,,,,,early,
34,FE Village,0x25,0x522,0x9,$2294&0x08,0x203,Root,,,,,,,0x94c138,0x94c13e,,,,,early,
35,FE Village,0x25,0x525,0x8,$2294&0x01,0x204,Oil,,,,,,,0x94c0ea,0x94c0f0,,,,,early,
36,FE Village,0x25,0x528,0x7,$2293&0x80,0x204,Oil,,,,,,,0x94c0d0,0x94c0d6,,,,,early,
37,FE Village,0x25,0x52B,0x6,$2293&0x02,0x201,Water,,,,,,,0x94c031,0x94c037,,,,,early,
38,FE Village,0x25,0x52E,0x5,$2293&0x40,0x204,Oil,,,,,,,0x94c0b6,0x94c0bc,,,,,early,
39,FE Village,0x25,0x531,0x4,$2293&0x01,0x201,Water,,,,,,,0x94c017,0x94c01d,,,,,early,
40,FE Village,0x25,0x534,0x3,$2294&0x04,0x203,Root,,,,,,,0x94c11e,0x94c124,,,,,early,
41,FE Village,0x25,0x537,0x2,$2293&0x20,0x204,Oil,,,,,,,0x94c09c,0x94c0a2,,,,,early,
42,FE Village,0x25,0x53A,0xd,$2293&0x10,0x201,Water,,,,,,,0x94c07f,0x94c085,,,,,early,
43,FE Village,0x25,0x53D,0xe,$2292&0x20,0x214,Ash,,,,,,,0x94bfc9,0x94bfcf,,,,,early,
44,FE Village,0x25,0x540,0xf,$2292&0x40,0x214,Ash,,,,,,,0x94bfe3,0x94bfe9,,,,,early,
45,FE Village,0x25,0x543,0x10,$2292&0x80,0x214,Ash,,,,,,,0x94bffd,0x94c003,,,,,early,
46,FE Village,0x25,0x546,0x1,$2294&0x02,0x203,Root,,,,,,,0x94c104,0x94c10a,unreachable,,,,early,
47,E. Jungle,0x5B,0xFE1,0xa,$2296&0x04,0x210,Clay,,,,,,,0x93aff2,0x93aff8,,,,,early,
48,E. Jungle,0x5B,0xFE4,0x9,$2296&0x02,0x210,Clay,,,,,,,0x93afd8,0x93afde,,,,,early,
49,E. Jungle,0x5B,0xFE7,0x8,$2296&0x01,0x210,Clay,,,,,,,0x93afbe,0x93afc4,,,,,early,
50,E. Jungle,0x5B,0xFEA,0x7,$2295&0x02,0x203,Root,,,,,,,0x93b0f6,0x93b0fc,,weapon,,,,
51,E. Jungle,0x5B,0xFED,0x6,$2295&0x01,0x203,Root,,,,,,,0x93b0dc,0x93b0e2,,,,,early,
52,E. Jungle,0x5B,0xFF0,0x5,$2294&0x80,0x203,Root,,,,,,,0x93b0c2,0x93b0c8,,,,,early,
53,E. Jungle,0x5B,0xFF3,0x4,$2295&0x40,0x201,Water,,,,,,,0x93b074,0x93b07a,,,,,early,
54,E. Jungle,0x5B,0xFF6,0x3,$2295&0x20,0x201,Water,,,,,,,0x93b05a,0x93b060,,weapon,,,,
55,E. Jungle,0x5B,0xFF9,0xc,$2295&0x10,0x201,Water,,,,,,,0x93b040,0x93b046,,weapon,,,,
56,E. Jungle,0x5B,0xFFC,0xb,$2295&0x08,0x201,Water,,,,,,,0x93b026,0x93b02c,,weapon,,,,
57,E. Jungle,0x5B,0xFFF,0x2,$2294&0x40,0x203,Root,,,,,,,0x93b0a8,0x93b0ae,,weapon,,,,
58,E. Jungle,0x5B,0x1002,0x1,$2294&0x20,0x203,Root,,,,,,,0x93b08e,0x93b094,,,,,early,
59,E. Jungle,0x5B,0x1005,0x0,$2295&0x04,0x201,Water,,,,,,,0x93b00c,0x93b012,,,,,early,
60,E. Jungle,0x5B,0x1008,0xd,$2295&0x80,0x210,Clay,,,,,,,0x93afa4,0x93afaa,,,,,early,
61,Quick Sand Field,0x59,0xF78,0x2c,$2297&0x20,0x200,Wax,,,,,,,0x93abda,0x93abe0,,,,,early,
62,Quick Sand Field,0x59,0xF7B,0x2d,$2297&0x10,0x200,Wax,,,,,,,0x93abc0,0x93abc6,,,,,,mapref is wrong in vanilla
63,Quick Sand Field,0x59,0xF7E,0x2e,$2297&0x08,0x200,Wax,,,,,,,0x93aba6,0x93abac,,,,,,mapref is wrong in vanilla
64,Quick Sand Field,0x59,0xF81,0x16,$2297&0x04,0x200,Wax,,,,,,,0x93ab8c,0x93ab92,,,,,early,
65,Quick Sand Field,0x59,0xF87,0x17,$2296&0x08,0x214,Ash,,,,,,,0x93aad6,0x93aadc,,,,,,
66,Quick Sand Field,0x59,0xF8A,0x18,$2296&0x10,0x214,Ash,,,,,,,0x93aaf0,0x93aaf6,,,,,early,
67,Quick Sand Field,0x59,0xF8D,0x19,$2296&0x20,0x214,Ash,,,,,,,0x93ab0a,0x93ab10,,,,,early,
68,Quick Sand Field,0x59,0xF90,0x1a,$2296&0x40,0x214,Ash,,,,,,,0x93ab24,0x93ab2a,,,,,,
69,Quick Sand Field,0x59,0xF93,0x1b,$2296&0x80,0x214,Ash,,,,,,,0x93ab3e,0x93ab44,,,,,early,
70,Quick Sand Field,0x59,0xF96,0x1c,$2297&0x01,0x214,Ash,,,,,,,0x93ab58,0x93ab5e,,,,,early,
71,Quick Sand Field,0x59,0xF99,0x1d,$2297&0x02,0x214,Ash,,,,,,,0x93ab72,0x93ab78,,,,,early,
72,Quick Sand Field,0x59,0xF9C,0x1e,$2297&0x40,0x203,Root,,,,,,,0x93aa54,0x93aa5a,,,,,early,
73,Quick Sand Field,0x59,0xF9F,0x1f,$2297&0x80,0x203,Root,,,,,,,0x93aa6e,0x93aa74,,,,,early,
74,Quick Sand Field,0x59,0xFA2,0x20,$2298&0x01,0x203,Root,,,,,,,0x93aa88,0x93aa8e,,,,,early,
75,Quick Sand Field,0x59,0xFA5,0x21,$2298&0x02,0x203,Root,,,,,,,0x93aaa2,0x93aaa8,,,,,early,
76,Quick Sand Field,0x59,0xFA8,0x22,$2298&0x04,0x203,Root,,,,,,,0x93aabc,0x93aac2,,,,,early,
77,Quick Sand Field,0x59,0xFAB,0x23,$2298&0x08,0x210,Clay,,,,,,,0x93a9ce,0x93a9d4,,,,,,
78,Quick Sand Field,0x59,0xFAE,0x24,$2298&0x10,0x210,Clay,,,,,,,0x93a9e8,0x93a9ee,,,,,early,
79,Quick Sand Field,0x59,0xFB1,0x25,$2298&0x20,0x210,Clay,,,,,,,0x93aa02,0x93aa08,,,,,,
80,Quick Sand Field,0x59,0xFB4,0x26,$2298&0x80,0x210,Clay,,,,,,,0x93aa3a,0x93aa40,,,,,early,
81,Bugmuck,0x67,0x11A0,0xe,$2299&0x01,0x204,Oil,,,,,,,0x93b454,0x93b45a,,,,,early,
82,Bugmuck,0x67,0x11A3,0xf,$2299&0x02,0x204,Oil,,,,,,,0x93b46e,0x93b474,,,,,early,
83,Bugmuck,0x67,0x11A6,0x10,$2299&0x04,0x204,Oil,,,,,,,0x93b488,0x93b48e,,,,,early,
84,Bugmuck,0x67,0x11A9,0x11,$2299&0x08,0x204,Oil,,,,,,,0x93b4a2,0x93b4a8,,,,,early,
85,Bugmuck,0x67,0x11AC,0x12,$2299&0x10,0x204,Oil,,,,,,,0x93b4bc,0x93b4c2,,,,,early,
86,Bugmuck,0x67,0x11AF,0x13,$2299&0x20,0x204,Oil,,,,,,,0x93b4d6,0x93b4dc,,,,,early,
87,Bugmuck,0x67,0x11B2,0x14,$2299&0x40,0x204,Oil,,,,,,,0x93b4f0,0x93b4f6,,,,,early,
88,Bugmuck,0x67,0x11B5,0x15,$2299&0x80,0x204,Oil,,,,,,,0x93b50a,0x93b510,,,,,early,
89,Bugmuck,0x67,0x11B8,0x16,$229A&0x01,0x203,Root,,,,,,,0x93b524,0x93b52a,,,,,early,
90,Bugmuck,0x67,0x11BB,0x17,$229A&0x02,0x203,Root,,,,,,,0x93b53e,0x93b544,,,,,early,
91,Bugmuck,0x67,0x11BE,0x18,$229A&0x04,0x203,Root,,,,,,,0x93b558,0x93b55e,,,,,early,
92,Bugmuck,0x67,0x11C1,0x19,$229A&0x08,0x203,Root,,,,,,,0x93b572,0x93b578,,,,,early,
93,Bugmuck,0x67,0x11C4,0x1a,$229A&0x10,0x203,Root,,,,,,,0x93b58c,0x93b592,,,,,,
94,Bugmuck,0x67,0x11C7,0x1b,$229A&0x20,0x203,Root,,,,,,,0x93b5a6,0x93b5ac,,,,,early,
95,Bugmuck,0x67,0x11CA,0x1c,$229A&0x40,0x203,Root,,,,,,,0x93b5c0,0x93b5c6,,,,,early,
96,Bugmuck,0x67,0x11CD,0x1d,$229A&0x80,0x214,Ash,,,,,,,0x93b5da,0x93b5e0,,,,,,
97,Bugmuck,0x67,0x11D0,0x1e,$229B&0x01,0x214,Ash,,,,,,,0x93b5f4,0x93b5fa,,,,,early,
98,Bugmuck,0x67,0x11D3,0x1f,$229B&0x02,0x214,Ash,,,,,,,0x93b60e,0x93b614,,,,,early,
99,Bugmuck,0x67,0x11D6,0x20,$229B&0x04,0x214,Ash,,,,,,,0x93b628,0x93b62e,,,,,early,
100,Bugmuck,0x67,0x11D9,0x21,$229B&0x08,0x214,Ash,,,,,,,0x93b642,0x93b648,,,,,early,
101,Bugmuck,0x67,0x11DC,0x22,$229B&0x10,0x20F,Crystal,,,,,,,0x93b65c,0x93b662,,,,,early,
102,Bugmuck,0x67,0x11DF,0x23,$229C&0x08,0x200,Wax,,,,,,,0x93b71a,0x93b720,,,,,early,
103,Bugmuck,0x67,0x11E2,0x24,$229B&0x20,0x20F,Crystal,,,,,,,0x93b67a,0x93b680,,,,,early,
104,Bugmuck,0x67,0x11E5,0x25,$229B&0x40,0x20F,Crystal,,,,,,,0x93b698,0x93b69e,,,,,,
105,Bugmuck,0x67,0x11E8,0x26,$229B&0x80,0x210,Clay,,,,,,,0x93b6b2,0x93b6b8,,,,,early,
106,Bugmuck,0x67,0x11EB,0x27,$229C&0x01,0x210,Clay,,,,,,,0x93b6cc,0x93b6d2,,,,,early,
107,Bugmuck,0x67,0x11EE,0x28,$229C&0x02,0x210,Clay,,,,,,,0x93b6e6,0x93b6ec,,,,,early,
108,Bugmuck,0x67,0x11F1,0x29,$229C&0x04,0x210,Clay,,,,,,,0x93b700,0x93b706,,,,,early,
109,Bugmuck,0x67,0x11F4,0x2a,$229C&0x10,0x200,Wax,,,,,,,0x93b734,0x93b73a,,,,,early,
110,Bugmuck,0x67,0x11F7,0x2b,$229C&0x20,0x200,Wax,,,,,,,0x93b74e,0x93b754,,,,,early,
111,Bugmuck,0x67,0x11FA,0x2c,$229C&0x40,0x200,Wax,,,,,,,0x93b768,0x93b76e,,,,,early,
112,Bugmuck,0x67,0x11FD,0x2d,$229C&0x80,0x200,Wax,,,,,,,0x93b782,0x93b788,,,,,early,
113,Bugmuck,0x67,0x1200,0x2e,$229D&0x01,0x200,Wax,,,,,,,0x93b79c,0x93b7a2,,,,,early,
114,Bugmuck,0x67,0x1203,0x2f,$229D&0x02,0x200,Wax,,,,,,,0x93b7b6,0x93b7bc,,,,,early,
115,BBM,0x16,0x30C,0x10,$229D&0x04,0x201,Water,,,,,,,0x93c017,0x93c01d,,,,,early,
116,BBM,0x16,0x30F,0x11,$229D&0x08,0x201,Water,,,,,,,0x93c031,0x93c037,,,,,early,
117,BBM,0x16,0x312,0x12,$229D&0x10,0x210,Clay,,,,,,,0x93c04b,0x93c051,,,,,early,
118,BBM,0x16,0x315,0x13,$229D&0x20,0x210,Clay,,,,,,,0x93c065,0x93c06b,,,,,early,
119,BBM,0x16,0x318,0x14,$229D&0x40,0x210,Clay,,,,,,,0x93c07f,0x93c085,,,,,early,
120,BBM,0x16,0x31B,0x15,$229D&0x80,0x210,Clay,,,,,,,0x93c099,0x93c09f,,,,,early,
121,BBM,0x16,0x31E,0x16,$229E&0x01,0x210,Clay,,,,,,,0x93c0b3,0x93c0b9,,,,,early,
122,BBM,0x16,0x321,0x17,$229E&0x02,0x210,Clay,,,,,,,0x93c0cd,0x93c0d3,,,,,early,
123,BBM,0x16,0x324,0x18,$229E&0x04,0x203,Root,,,,,,,0x93c0e7,0x93c0ed,,,,,dumb,
124,BBM,0x16,0x327,0x19,$229E&0x08,0x203,Root,,,,,,,0x93c101,0x93c107,,,,,dumb,
125,BBM,0x16,0x32A,0x1a,$229E&0x20,0x203,Root,,,,,,,0x93c135,0x93c13b,,,,,dumb,
126,BBM,0x16,0x32D,0x1b,$229E&0x10,0x203,Root,,,,,,,0x93c11b,0x93c121,,,,,early,
127,BBM,0x16,0x330,0x1c,$229E&0x40,0x204,Oil,,,,,,,0x93c14f,0x93c155,,,,,early,
128,BBM,0x16,0x333,0x1d,$229E&0x80,0x204,Oil,,,,,,,0x93c169,0x93c16f,,,,,early,
129,BBM,0x16,0x336,0x1e,$229F&0x01,0x204,Oil,,,,,,,0x93c183,0x93c189,,,,,early,
130,BBM,0x16,0x339,0x1f,$229F&0x02,0x204,Oil,,,,,,,0x93c19d,0x93c1a3,,,,,early,
131,BBM,0x16,0x33C,0x20,$229F&0x04,0x204,Oil,,,,,,,0x93c1b7,0x93c1bd,,,,,dumb,
132,BBM,0x16,0x33F,0x21,$229F&0x08,0x204,Oil,,,,,,,0x93c1d1,0x93c1d7,,,,,dumb,
133,BBM,0x16,0x342,0x22,$229F&0x10,0x204,Oil,,,,,,,0x93c1eb,0x93c1f1,,,,,dumb,
134,BBM,0x16,0x345,0x23,$229F&0x20,0x204,Oil,,,,,,,0x93c205,0x93c20b,,,,,early,
135,BBM,0x16,0x348,0x24,$229F&0x40,0x214,Ash,,,,,,,0x93c21f,0x93c225,,,,,early,
136,BBM,0x16,0x34B,0x25,$229F&0x80,0x214,Ash,,,,,,,0x93c239,0x93c23f,,,,,dumb,
137,BBM,0x16,0x34E,0x26,$22A0&0x01,0x214,Ash,,,,,,,0x93c253,0x93c259,,,,,dumb,
138,BBM,0x16,0x351,0x27,$22A0&0x02,0x214,Ash,,,,,,,0x93c26d,0x93c273,,,,,dumb,
139,Bug Room 2,0x17,0x36C,0x0,$22A0&0x04,0x201,Water,,,,,,,0x93c4ae,0x93c4b4,,,,,early,
140,Bug Room 2,0x17,0x36F,0x1,$22A0&0x08,0x201,Water,,,,,,,0x93c4c8,0x93c4ce,,,,,early,
141,Bug Room 2,0x17,0x372,0x2,$22A0&0x10,0x201,Water,,,,,,,0x93c4e2,0x93c4e8,,,,,early,
142,Bug Room 2,0x17,0x375,0x3,$22A0&0x20,0x210,Clay,,,,,,,0x93c4fc,0x93c502,,,,,early,
143,Bug Room 2,0x17,0x378,0x4,$22A0&0x40,0x210,Clay,,,,,,,0x93c516,0x93c51c,,,,,early,
144,Bug Room 2,0x17,0x37B,0x5,$22A0&0x80,0x210,Clay,,,,,,,0x93c530,0x93c536,,,,,early,
145,Bug Room 2,0x17,0x37E,0x6,$22A1&0x01,0x203,Root,,,,,,,0x93c54a,0x93c550,,,,,early,
146,Bug Room 2,0x17,0x381,0x7,$22A1&0x02,0x203,Root,,,,,,,0x93c564,0x93c56a,,,,,early,
147,Bug Room 2,0x17,0x384,0x8,$22A1&0x04,0x203,Root,,,,,,,0x93c57e,0x93c584,,,,,early,
148,Bug Room 2,0x17,0x387,0x9,$22A1&0x08,0x204,Oil,,,,,,,0x93c598,0x93c59e,,,,,early,
149,Bug Room 2,0x17,0x38A,0xa,$22A1&0x10,0x204,Oil,,,,,,,0x93c5b2,0x93c5b8,,,,,early,
150,Bug Room 2,0x17,0x38D,0xb,$22A1&0x20,0x204,Oil,,,,,,,0x93c5cc,0x93c5d2,,,,,early,
151,N. Jungle,0x41,0xA1A,0x2,$22A1&0x40,0x201,Water,,,,,,,0x939292,0x939298,,weapon,,,,
152,N. Jungle,0x41,0xA1D,0x3,$22A1&0x80,0x201,Water,,,,,,,0x9392ac,0x9392b2,,weapon,,,,
153,N. Jungle,0x41,0xA20,0x4,$22A2&0x01,0x201,Water,,,,,,,0x9392c6,0x9392cc,,weapon,,,,
154,N. Jungle,0x41,0xA23,0x5,$22A2&0x02,0x201,Water,,,,,,,0x9392e0,0x9392e6,,weapon,,,,
155,N. Jungle,0x41,0xA26,0x6,$22A2&0x04,0x201,Water,,,,,,,0x9392fa,0x939300,,weapon,,,,
156,N. Jungle,0x41,0xA29,0x7,$22A2&0x08,0x201,Water,,,,,,,0x939314,0x93931a,,weapon,,,,
157,N. Jungle,0x41,0xA2C,0x8,$22A2&0x10,0x204,Oil,,,,,,,0x93932e,0x939334,,weapon,,,,
158,N. Jungle,0x41,0xA2F,0x9,$22A2&0x20,0x204,Oil,,,,,,,0x939348,0x93934e,,weapon,,,,
159,N. Jungle,0x41,0xA32,0xa,$22A2&0x40,0x203,Root,,,,,,,0x939362,0x939368,,weapon,,,,
160,N. Jungle,0x41,0xA35,0xb,$22A2&0x80,0x203,Root,,,,,,,0x93937c,0x939382,,weapon,,,,
161,N. Jungle,0x41,0xA38,0xc,$22A3&0x01,0x203,Root,,,,,,,0x939396,0x93939c,,weapon,,,,
162,N. Jungle,0x41,0xA3B,0xd,$22A3&0x02,0x203,Root,,,,,,,0x9393b0,0x9393b6,,,,,,
163,N. Jungle,0x41,0xA3E,0xe,$22A3&0x04,0x203,Root,,,,,,,0x9393ca,0x9393d0,,weapon,,,,
164,N. Jungle,0x41,0xA41,0xf,$22A3&0x08,0x210,Clay,,,,,,,0x9393e4,0x9393ea,,weapon,,,,
165,N. Jungle,0x41,0xA44,0x10,$22A3&0x10,0x210,Clay,,,,,,,0x9393fe,0x939404,,weapon,,,,
166,N. Jungle,0x41,0xA47,0x11,$22A3&0x20,0x210,Clay,,,,,,,0x939418,0x93941e,,weapon,,,,
167,N. Jungle,0x41,0xA4A,0x12,$22A3&0x40,0x214,Ash,,,,,,,0x939432,0x939438,,weapon,,,,
168,N. Jungle,0x41,0xA4D,0x13,$22A3&0x80,0x214,Ash,,,,,,,0x93944c,0x939452,,weapon,,,,
169,N. Jungle,0x41,0xA50,0x14,$22A4&0x01,0x214,Ash,,,,,,,0x939466,0x93946c,,weapon,,,,
170,N. Jungle,0x41,0xA53,0x15,$22A4&0x02,0x200,Wax,,,,,,,0x939480,0x939486,,weapon,,,,
171,N. Jungle,0x41,0xA56,0x16,$22A4&0x04,0x200,Wax,,,,,,,0x93949a,0x9394a0,,weapon,,,,
172,Mammoth Graveyard,0x27,0x55E,0xc,$22A7&0x10,0x214,Ash,,,,,,,0x93df8f,0x93df95,,weapon,,,,
173,Mammoth Graveyard,0x27,0x561,0x2,$22A6&0x40,0x204,Oil,,,,,,,0x93deeb,0x93def1,,weapon,,,,
174,Mammoth Graveyard,0x27,0x564,0x6,$22A7&0x08,0x214,Ash,,,,,,,0x93df71,0x93df77,,weapon,,,,
175,Mammoth Graveyard,0x27,0x567,0xe,$22A7&0x02,0x214,Ash,,,,,,,0x93df3d,0x93df43,,weapon,,,,
176,Mammoth Graveyard,0x27,0x56A,0xf,$22A7&0x01,0x214,Ash,,,,,,,0x93df23,0x93df29,,weapon,,,,
177,Mammoth Graveyard,0x27,0x56D,0x7,$22A7&0x04,0x214,Ash,,,,,,,0x93df57,0x93df5d,,weapon,,,,
178,Mammoth Graveyard,0x27,0x570,0x1b,$22A8&0x01,0x200,Wax,,,,,,,0x93dfff,0x93e005,,weapon,,,,
179,Mammoth Graveyard,0x27,0x573,0x1c,$22A7&0x80,0x200,Wax,,,,,,,0x93dfe1,0x93dfe7,,weapon,,,,
180,Mammoth Graveyard,0x27,0x576,0x11,$22A6&0x80,0x214,Ash,,,,,,,0x93df05,0x93df0b,,weapon,,,,
181,Mammoth Graveyard,0x27,0x579,0x18,$22A7&0x40,0x214,Ash,,,,,,,0x93dfc3,0x93dfc9,,weapon,,,,
182,Mammoth Graveyard,0x27,0x57C,0x5,$22A5&0x02,0x210,Clay,,,,,,,0x93dd81,0x93dd87,,weapon,,,,
183,Mammoth Graveyard,0x27,0x57F,0x9,$22A4&0x80,0x210,Clay,,,,,,,0x93dd49,0x93dd4f,,weapon,,,,
184,Mammoth Graveyard,0x27,0x582,0x19,$22A6&0x10,0x204,Oil,,,,,,,0x93deb3,0x93deb9,,weapon,,,,
185,Mammoth Graveyard,0x27,0x585,0x12,$22A6&0x04,0x203,Root,,,,,,,0x93de7f,0x93de85,,weapon,,,,
186,Mammoth Graveyard,0x27,0x588,0x15,$22A5&0x40,0x203,Root,,,,,,,0x93de0f,0x93de15,,weapon,,,,
187,Mammoth Graveyard,0x27,0x58B,0x8,$22A6&0x20,0x204,Oil,,,,,,,0x93ded1,0x93ded7,,weapon,,,,
188,Mammoth Graveyard,0x27,0x58E,0xa,$22A5&0x04,0x210,Clay,,,,,,,0x93dd9f,0x93dda5,,weapon,,,,
189,Mammoth Graveyard,0x27,0x591,0x1,$22A4&0x10,0x201,Water,,,,,,,0x93dcf7,0x93dcfd,,weapon,,,,
190,Mammoth Graveyard,0x27,0x594,0x3,$22A4&0x08,0x201,Water,,,,,,,0x93dcd9,0x93dcdf,,weapon,,,,
191,Mammoth Graveyard,0x27,0x597,0xd,$22A6&0x08,0x204,Oil,,,,,,,0x93de99,0x93de9f,,weapon,,,,
192,Mammoth Graveyard,0x27,0x59A,0x1d,$22A5&0x80,0x203,Root,,,,,,,0x93de29,0x93de2f,,weapon,,,,
193,Mammoth Graveyard,0x27,0x59D,0x1a,$22A6&0x02,0x203,Root,,,,,,,0x93de61,0x93de67,,weapon,,,,
194,Mammoth Graveyard,0x27,0x5A0,0x13,$22A4&0x20,0x201,Water,,,,,,,0x93dd11,0x93dd17,,weapon,,,,
195,Mammoth Graveyard,0x27,0x5A3,0x4,$22A5&0x01,0x210,Clay,,,,,,,0x93dd63,0x93dd69,,weapon,,,,
196,Mammoth Graveyard,0x27,0x5A6,0xb,$22A5&0x20,0x203,Root,,,,,,,0x93ddf1,0x93ddf7,,weapon,,,,
197,Mammoth Graveyard,0x27,0x5A9,0x1e,$22A4&0x40,0x201,Water,,,,,,,0x93dd2f,0x93dd35,,weapon,,,,
198,Mammoth Graveyard,0x27,0x5AC,0x10,$22A6&0x01,0x203,Root,,,,,,,0x93de47,0x93de4d,,weapon,,,,
199,Mammoth Graveyard,0x27,0x5AF,0x17,$22A5&0x10,0x210,Clay,,,,,,,0x93ddd3,0x93ddd9,,weapon,,,,
200,Mammoth Graveyard,0x27,0x5B2,0x16,$22A7&0x20,0x214,Ash,,,,,,,0x93dfa9,0x93dfaf,,weapon,,,,
201,Mammoth Graveyard,0x27,0x5B5,0x14,$22A5&0x08,0x210,Clay,,,,,,,0x93ddb9,0x93ddbf,,weapon,,,,
202,Volcano path,0x69,0x1284,0xc,$22A8&0x02,0x201,Water,,,,,,,0x93e929,0x93e92f,,weapon,,,,
203,Volcano path,0x69,0x1287,0xd,$22A8&0x04,0x201,Water,,,,,,,0x93e943,0x93e949,,weapon,,,,
204,Volcano path,0x69,0x128A,0xe,$22A8&0x08,0x201,Water,,,,,,,0x93e95d,0x93e963,,weapon,,,,
205,Volcano path,0x69,0x128D,0xf,$22A8&0x10,0x201,Water,,,,,,,0x93e977,0x93e97d,,weapon,,,,
206,Volcano path,0x69,0x1290,0x10,$22A8&0x20,0x201,Water,,,,,,,0x93e991,0x93e997,,weapon,,,,
207,Volcano path,0x69,0x1293,0x11,$22A8&0x40,0x201,Water,,,,,,,0x93e9ab,0x93e9b1,,weapon,,,,
208,Volcano path,0x69,0x1296,0x12,$22A8&0x80,0x201,Water,,,,,,,0x93e9c5,0x93e9cb,,weapon,,,,
209,Volcano path,0x69,0x1299,0x13,$22A9&0x01,0x201,Water,,,,,,,0x93e9df,0x93e9e5,,weapon,,,,
210,Volcano path,0x69,0x129C,0x14,$22A9&0x02,0x201,Water,,,,,,,0x93e9f9,0x93e9ff,,weapon,,,,
211,Volcano path,0x69,0x129F,0x15,$22A9&0x04,0x210,Clay,,,,,,,0x93ea13,0x93ea19,,weapon,,,,
212,Volcano path,0x69,0x12A2,0x16,$22A9&0x08,0x210,Clay,,,,,,,0x93ea2d,0x93ea33,,weapon,,,,
213,Volcano path,0x69,0x12A5,0x17,$22A9&0x10,0x210,Clay,,,,,,,0x93ea47,0x93ea4d,,weapon,,,,
214,Volcano path,0x69,0x12A8,0x18,$22A9&0x40,0x210,Clay,,,,,,,0x93ea7b,0x93ea81,,weapon,,,,
215,Volcano path,0x69,0x12AB,0x19,$22A9&0x20,0x210,Clay,,,,,,,0x93ea61,0x93ea67,,weapon,,,,
216,Volcano path,0x69,0x12AE,0x1a,$22A9&0x80,0x210,Clay,,,,,,,0x93ea95,0x93ea9b,,weapon,,,,
217,Volcano path,0x69,0x12B1,0x1b,$22AA&0x01,0x210,Clay,,,,,,,0x93eaaf,0x93eab5,,weapon,,,,
218,Volcano path,0x69,0x12B4,0x1c,$22AA&0x80,0x203,Root,,,,,,,0x93eb65,0x93eb6b,,weapon,,,,
219,Volcano path,0x69,0x12B7,0x1d,$22AA&0x40,0x203,Root,,,,,,,0x93eb4b,0x93eb51,,weapon,,,,
220,Volcano path,0x69,0x12BA,0x1e,$22AA&0x20,0x203,Root,,,,,,,0x93eb31,0x93eb37,,non-sword,,,,
221,Volcano path,0x69,0x12BD,0x1f,$22AA&0x10,0x203,Root,,,,,,,0x93eb17,0x93eb1d,,weapon,,,,
222,Volcano path,0x69,0x12C0,0x20,$22AA&0x08,0x203,Root,,,,,,,0x93eafd,0x93eb03,,weapon,,,,
223,Volcano path,0x69,0x12C3,0x21,$22AA&0x04,0x203,Root,,,,,,,0x93eae3,0x93eae9,,weapon,,,,
224,Volcano path,0x69,0x12C6,0x22,$22AA&0x02,0x203,Root,,,,,,,0x93eac9,0x93eacf,,weapon,,,,
225,Volcano path,0x69,0x12C9,0x23,$22AB&0x01,0x204,Oil,,,,,,,0x93eb7f,0x93eb85,,weapon,,,,
226,Volcano path,0x69,0x12CC,0x24,$22AB&0x02,0x204,Oil,,,,,,,0x93eb99,0x93eb9f,,non-sword,,,,
227,Volcano path,0x69,0x12CF,0x25,$22AB&0x04,0x214,Ash,,,,,,,0x93ebb3,0x93ebb9,,weapon,,,,
228,Volcano path,0x69,0x12D2,0x26,$22AB&0x08,0x214,Ash,,,,,,,0x93ec38,0x93ec3e,,weapon,,,,
229,West of Swamp,0x66,0x113D,0xd,$22B3&0x01,0x201,Water,,,,,,,0x9487a3,0x9487a9,,weapon,,,,
230,West of Swamp,0x66,0x1140,0xc,$22B3&0x80,0x200,Wax,,,,,,,0x948859,0x94885f,,weapon,,,,
231,West of Swamp,0x66,0x1143,0xb,$22B3&0x40,0x204,Oil,,,,,,,0x94883f,0x948845,,weapon,,,,
232,West of Swamp,0x66,0x1146,0xa,$22B3&0x20,0x204,Oil,,,,,,,0x948825,0x94882b,,weapon,,,,
233,West of Swamp,0x66,0x1149,0x9,$22B2&0x80,0x201,Water,,,,,,,0x948789,0x94878f,,weapon,,,,
234,West of Swamp,0x66,0x114C,0x8,$22B3&0x10,0x203,Root,,,,,,,0x94880b,0x948811,,weapon,,,,
235,West of Swamp,0x66,0x114F,0x0,$228F&0x04,0x201,Water,,,,,,,0x94876f,0x948775,,weapon,,,,
236,West of Swamp,0x66,0x1152,0x1,$22B3&0x02,0x201,Water,,,,,,,0x9487bd,0x9487c3,,weapon,,,,
237,West of Swamp,0x66,0x1155,0x2,$22B3&0x04,0x203,Root,,,,,,,0x9487d7,0x9487dd,,weapon,,,,
238,West of Swamp,0x66,0x1158,0x3,$22B3&0x08,0x203,Root,,,,,,,0x9487f1,0x9487f7,,weapon,,,,
239,West of Swamp,0x66,0x115B,0x4,$22B4&0x01,0x200,Wax,,,,,,,0x948873,0x948879,,weapon,,,,
240,Swamp,0x65,0x10CE,0x3d,$228E&0x20,0x204,Oil,,,,,,,0x948cae,0x948cb4,,weapon,,,,
241,Swamp,0x65,0x10E6,0x5,$228C&0x04,0x201,Water,,,,,,,0x948ab8,0x948abe,,weapon,,,,
242,Swamp,0x65,0x10E9,0x0,$228D&0x10,0x203,Root,,,,,,,0x948bc4,0x948bca,,weapon,,,,
243,Swamp,0x65,0x10EC,0x1,$228D&0x20,0x203,Root,,,,,,,0x948bde,0x948be4,,weapon,,,,
244,Swamp,0x65,0x10EF,0x2,$228C&0x01,0x201,Water,,,,,,,0x948a84,0x948a8a,,weapon,,,,
245,Swamp,0x65,0x10F2,0x3,$228C&0x02,0x201,Water,,,,,,,0x948a9e,0x948aa4,,weapon,,,,
246,Swamp,0x65,0x10F5,0x4,$228D&0x40,0x203,Root,,,,,,,0x948bf8,0x948bfe,,weapon,,,,
247,Swamp,0x65,0x10F8,0x6,$228C&0x08,0x201,Water,,,,,,,0x948ad2,0x948ad8,,weapon,,,,
248,Swamp,0x65,0x10FB,0x7,$228C&0x10,0x201,Water,,,,,,,0x948aec,0x948af2,,weapon,,,,
249,Swamp,0x65,0x10FE,0x8,$228D&0x80,0x203,Root,,,,,,,0x948c12,0x948c18,,weapon,,,,
250,Swamp,0x65,0x1101,0x9,$228C&0x20,0x201,Water,,,,,,,0x948b06,0x948b0c,,weapon,,,,
251,Swamp,0x65,0x1104,0xa,$228C&0x40,0x201,Water,,,,,,,0x948b20,0x948b26,,weapon,,,,
252,Swamp,0x65,0x1107,0xb,$228E&0x40,0x204,Oil,,,,,,,0x948cc8,0x948cce,,weapon,,,,
253,Swamp,0x65,0x110A,0xc,$228E&0x01,0x203,Root,,,,,,,0x948c2c,0x948c32,,weapon,,,,
254,Swamp,0x65,0x110D,0xd,$228E&0x02,0x203,Root,,,,,,,0x948c46,0x948c4c,,weapon,,,,
255,Swamp,0x65,0x1110,0xe,$228E&0x04,0x203,Root,,,,,,,0x948c60,0x948c66,,weapon,,,,
256,Swamp,0x65,0x1113,0xf,$228C&0x80,0x201,Water,,,,,,,0x948b3a,0x948b40,,weapon,,,,
257,Swamp,0x65,0x1116,0x10,$228D&0x01,0x201,Water,,,,,,,0x948b54,0x948b5a,unreachable,weapon,,,,
258,Swamp,0x65,0x1119,0x3c,$228E&0x80,0x204,Oil,,,,,,,0x948ce2,0x948ce8,,weapon,,,,
259,Swamp,0x65,0x111C,0x11,$228E&0x08,0x203,Root,,,,,,,0x948c7a,0x948c80,,weapon,,,,
260,Swamp,0x65,0x111F,0x12,$228E&0x10,0x203,Root,,,,,,,0x948c94,0x948c9a,,weapon,,,,
261,Swamp,0x65,0x1122,0x13,$228D&0x02,0x201,Water,,,,,,,0x948b6e,0x948b74,,weapon,,,,
262,Swamp,0x65,0x1125,0x14,$228D&0x04,0x201,Water,,,,,,,0x948b88,0x948b8e,,weapon,,,,
263,Swamp,0x65,0x1128,0x15,$228D&0x08,0x201,Water,,,,,,,0x948ba2,0x948ba8,,weapon,,,,
264,Swamp,0x65,0x112B,0x16,$228F&0x02,0x204,Oil,,,,,,,0x948cfc,0x948d02,,weapon,,,,
265,Volcano Room1,0x3C,0x8FA,0x17,$22B0&0x04,0x214,Ash,,,,,,,0x949f3f,0x949f45,,volcano entered,,,,
266,Volcano Room2,0x3C,0x91B,0x8,$22AF&0x01,0x201,Water,,,,,,,0x949e3b,0x949e41,,volcano entered,,,,
267,Volcano Room3,0x3C,0x91E,0x9,$22AF&0x02,0x201,Water,,,,,,,0x949e55,0x949e5b,,volcano entered,,,,
268,Volcano Room4,0x3C,0x921,0xa,$22AF&0x04,0x210,Clay,,,,,,,0x949e6f,0x949e75,,volcano entered,,,,
269,Volcano Room5,0x3C,0x924,0xb,$22AF&0x08,0x203,Root,,,,,,,0x949e89,0x949e8f,,volcano entered,,,,
270,Volcano Room6,0x3C,0x927,0xc,$22AF&0x10,0x203,Root,,,,,,,0x949ea3,0x949ea9,,volcano entered,,,,
271,Volcano Room7,0x3C,0x92A,0xd,$22AF&0x20,0x203,Root,,,,,,,0x949ebd,0x949ec3,,volcano entered,,,,
272,Volcano Room8,0x3C,0x92D,0xe,$22AF&0x40,0x203,Root,,,,,,,0x949ed7,0x949edd,,weapon,,,,
273,Volcano Room9,0x3C,0x930,0xf,$22AF&0x80,0x204,Oil,,,,,,,0x949ef1,0x949ef7,,volcano entered,,,,
274,Volcano Room10,0x3C,0x933,0x10,$22B0&0x01,0x204,Oil,,,,,,,0x949f0b,0x949f11,,volcano entered,,,,
275,Volcano Room11,0x3C,0x936,0x11,$22B0&0x02,0x204,Oil,,,,,,,0x949f25,0x949f2b,,volcano entered,,,,
276,Volcano Room12,0x3C,0x939,0x12,$22B0&0x08,0x200,Wax,,,,,,,0x949f59,0x949f5f,,volcano entered,,,,
277,Volcano Room13,0x3C,0x93C,0x13,$22B0&0x10,0x200,Wax,,,,,,,0x949f73,0x949f79,,volcano entered,,,,
278,Volcano Room14,0x3C,0x93F,0x14,$22B0&0x20,0x200,Wax,,,,,,,0x949f8d,0x949f93,,volcano entered,,,,
279,Volcano Room2,0x3B,0x85B,0x10,$22AC&0x08,0x201,Water,,,,,,,0x94977a,0x949780,,volcano entered,,,,
280,Volcano Room3,0x3B,0x85E,0xf,$22AC&0x04,0x201,Water,,,,,,,0x949760,0x949766,,volcano entered,,,,
281,Volcano Room4,0x3B,0x861,0xe,$22AC&0x02,0x201,Water,,,,,,,0x949746,0x94974c,,volcano entered,,,,
282,Volcano Room5,0x3B,0x864,0xd,$22AC&0x01,0x201,Water,,,,,,,0x94972c,0x949732,,volcano entered,,,,
283,Volcano Room6,0x3B,0x867,0xc,$22AB&0x80,0x201,Water,,,,,,,0x949712,0x949718,,volcano entered,,,,
284,Volcano Room7,0x3B,0x870,0x11,$22AC&0x10,0x210,Clay,,,,,,,0x949794,0x94979a,,volcano entered,,,,
285,Volcano Room8,0x3B,0x873,0x12,$22AC&0x20,0x210,Clay,,,,,,,0x9497ae,0x9497b4,,volcano entered,,,,
286,Volcano Room9,0x3B,0x876,0x13,$22AC&0x40,0x210,Clay,,,,,,,0x9497c8,0x9497ce,,volcano entered,,,,
287,Volcano Room10,0x3B,0x879,0x14,$22AC&0x80,0x210,Clay,,,,,,,0x9497e2,0x9497e8,,volcano entered,,,,
288,Volcano Room11,0x3B,0x87C,0x15,$22AD&0x01,0x210,Clay,,,,,,,0x9497fc,0x949802,,volcano entered,,,,
289,Volcano Room12,0x3B,0x87F,0x16,$22AD&0x02,0x210,Clay,,,,,,,0x949816,0x94981c,,volcano entered,,,,
290,Volcano Room13,0x3B,0x882,0x17,$22AD&0x04,0x210,Clay,,,,,,,0x949830,0x949836,,volcano entered,,,,
291,Volcano Room14,0x3B,0x885,0x18,$22AD&0x08,0x203,Root,,,,,,,0x94984a,0x949850,,volcano entered,,,,
292,Volcano Room15,0x3B,0x888,0x19,$22AD&0x10,0x204,Oil,,,,,,,0x949864,0x94986a,,volcano entered,,,,
293,Volcano Room16,0x3B,0x88B,0x1a,$22AD&0x20,0x204,Oil,,,,,,,0x94987e,0x949884,,volcano entered,,,,
294,Volcano Room17,0x3B,0x88E,0x1b,$22AD&0x40,0x214,Ash,,,,,,,0x949898,0x94989e,,volcano entered,,,,
295,Volcano Room18,0x3B,0x891,0x1c,$22AD&0x80,0x214,Ash,,,,,,,0x9498b2,0x9498b8,,volcano entered,,,,
296,Volcano Room19,0x3B,0x894,0x1d,$22AE&0x01,0x214,Ash,,,,,,,0x9498cc,0x9498d2,,volcano entered,,,,
297,Volcano Room20,0x3B,0x897,0x1e,$22AE&0x02,0x214,Ash,,,,,,,0x9498e6,0x9498ec,,volcano entered,,,,
298,Volcano Room21,0x3B,0x89A,0x1f,$22AE&0x04,0x214,Ash,,,,,,,0x949900,0x949906,,volcano entered,,,,
299,Volcano Room22,0x3B,0x89D,0x20,$22AE&0x08,0x214,Ash,,,,,,,0x94991a,0x949920,,volcano entered,,,,
300,Volcano Room23,0x3B,0x8A0,0x21,$22AE&0x10,0x214,Ash,,,,,,,0x949934,0x94993a,,volcano entered,,,,
301,Volcano Room24,0x3B,0x8A3,0x22,$22AE&0x20,0x200,Wax,,,,,,,0x94994e,0x949954,,volcano entered,,,,
302,Volcano Room25,0x3B,0x8A6,0x23,$22AE&0x40,0x200,Wax,,,,,,,0x949968,0x94996e,,volcano entered,,,,
303,Volcano Room26,0x3B,0x8A9,0x24,$22AE&0x80,0x200,Wax,,,,,,,0x949982,0x949988,,volcano entered,,,,
304,Pipe Maze,0x3E,0x9DB,0x10,$22B1&0x40,0x200,Wax,,,,,,,0x94b194,0x94b19a,unreachable,volcano entered,,,,
305,Pipe Maze,0x3E,0x9DE,0xf,$22B1&0x10,0x214,Ash,,,,,,,0x94b160,0x94b166,unreachable,volcano entered,,,,
306,Pipe Maze,0x3E,0x9E1,0xe,$22B1&0x20,0x214,Ash,,,,,,,0x94b17a,0x94b180,unreachable,volcano entered,,,,
307,Pipe Maze,0x3E,0x9E4,0xd,$22B1&0x08,0x204,Oil,,,,,,,0x94b146,0x94b14c,unreachable,volcano entered,,,,
308,Pipe Maze,0x3E,0x9E7,0xc,$22B1&0x04,0x203,Root,,,,,,,0x94b12c,0x94b132,unreachable,volcano entered,,,,
309,Pipe Maze,0x3E,0x9EA,0xb,$22B1&0x02,0x210,Clay,,,,,,,0x94b112,0x94b118,unreachable,volcano entered,,,,
310,Pipe Maze,0x3E,0x9ED,0xa,$22B1&0x01,0x201,Water,,,,,,,0x94b0f8,0x94b0fe,unreachable,volcano entered,,,,
311,Pipe Maze,0x3E,0x9F0,0x9,$22B0&0x80,0x201,Water,,,,,,,0x94b0de,0x94b0e4,unreachable,volcano entered,,,,
312,Pipe Maze,0x3E,0x9F3,0x8,$22B0&0x40,0x201,Water,,,,,,,0x94b0c4,0x94b0ca,unreachable,volcano entered,,,,
313,Prehistoria Fire Pits,0x36,0x77A,0x6,$22D3&0x08,0x210,Clay,,,,,,,0x97c78e,0x97c794,,weapon,,,,
314,Prehistoria Fire Pits,0x36,0x77D,0x5,$22D3&0x04,0x214,Ash,,,,,,,0x97c770,0x97c776,,weapon,,,,
315,Prehistoria Fire Pits,0x36,0x780,0x4,$22D3&0x20,0x204,Oil,,,,,,,0x97c7ca,0x97c7d0,,weapon,,,,
316,Prehistoria Fire Pits,0x36,0x783,0x3,$22D3&0x10,0x204,Oil,,,,,,,0x97c7ac,0x97c7b2,,weapon,,,,
317,Palace Entrance,0x4C,0xCB4,0x3,$22D1&0x01,0x201,Water,,,,,,,0x95d569,0x95d56f,,weapon,,,,
318,Palace Entrance,0x4C,0xCB7,0x4,$22D1&0x02,0x201,Water,,,,,,,0x95d587,0x95d58d,,weapon,,,,
319,Palace Entrance,0x4C,0xCBA,0x5,$22D1&0x04,0x208,Limestone,,,,,,,0x95d5a5,0x95d5ab,,weapon,,,,
320,Palace Entrance,0x4C,0xCBD,0x6,$22D1&0x08,0x208,Limestone,,,,,,,0x95d5c3,0x95d5c9,,weapon,,,,
321,Palace Entrance,0x4C,0xCC0,0x7,$22D0&0x80,0x202,Vinegar,,,,,,,0x95d54b,0x95d551,,weapon,,,,
322,Palace Grounds,0xB,0x1FE,0xa,$22D0&0x40,0x208,Limestone,,,,,,,0x96d458,0x96d45e,,"weapon, aegis",,,,
323,Palace Grounds,0xB,0x201,0x9,$22D0&0x20,0x212,Bone,,,,,,,0x96d43e,0x96d444,,"weapon, aegis",,,,
324,Palace Grounds,0xB,0x204,0x8,$22D0&0x10,0x212,Bone,,,,,,,0x96d420,0x96d426,,"weapon, aegis",,,,
325,Palace Grounds,0xB,0x207,0x7,$22D0&0x08,0x203,Root,,,,,,,0x96d406,0x96d40c,,"weapon, aegis",,,,
326,Palace Grounds,0xB,0x20A,0x6,$22D0&0x04,0x203,Root,,,,,,,0x96d3e8,0x96d3ee,,"weapon, aegis",,,,
327,Palace Grounds,0xB,0x20D,0x5,$22D0&0x02,0x201,Water,,,,,,,0x96d3ca,0x96d3d0,,"weapon, aegis",,,,
328,Palace Grounds,0xB,0x210,0x4,$22CF&0x40,0x202,Vinegar,,,,,,,0x96d370,0x96d376,,"weapon, aegis",,,,
329,Palace Grounds,0xB,0x213,0x3,$22CF&0x20,0x202,Vinegar,,,,,,,0x96d352,0x96d358,,"weapon, aegis",,,,
330,Palace Grounds,0xB,0x216,0x2,$22D0&0x01,0x201,Water,,,,,,,0x96d3ac,0x96d3b2,,"weapon, aegis",,,,
331,Palace Grounds,0xB,0x219,0x1,$22CF&0x80,0x201,Water,,,,,,,0x96d38e,0x96d394,,"weapon, aegis",,,,
332,North of Market,0x1C,0x432,0x1,$22B6&0x08,0x201,Water,,,,,,,0x95c37f,0x95c385,,weapon,,,,
333,North of Market,0x1C,0x435,0x2,$22B6&0x10,0x201,Water,,,,,,,0x95c39d,0x95c3a3,,weapon,,,,
334,North of Market,0x1C,0x438,0x3,$22B6&0x20,0x201,Water,,,,,,,0x95c3bb,0x95c3c1,,weapon,,,,
335,North of Market,0x1C,0x43B,0x4,$22B6&0x40,0x204,Oil,,,,,,,0x95c3d5,0x95c3db,,weapon,,,,
336,North of Market,0x1C,0x43E,0x5,$22B6&0x80,0x204,Oil,,,,,,,0x95c3f3,0x95c3f9,,weapon,,,,
337,North of Market,0x1C,0x441,0x6,$22B7&0x01,0x20F,Crystal,,,,,,,0x95c411,0x95c417,,weapon,,,,
338,North of Market,0x1C,0x444,0x7,$22B7&0x02,0x20F,Crystal,,,,,,,0x95c42f,0x95c435,,weapon,,,,
339,North of Market,0x1C,0x447,0x8,$22B7&0x04,0x210,Clay,,,,,,,0x95c44d,0x95c453,,weapon,,,,
340,North of Market,0x1C,0x44A,0x9,$22B7&0x08,0x210,Clay,,,,,,,0x95c46b,0x95c471,,weapon,,,,
341,North of Market,0x1C,0x44D,0xa,$22B7&0x10,0x210,Clay,,,,,,,0x95c489,0x95c48f,,weapon,,,,
342,North of Market,0x1C,0x450,0xb,$22B7&0x20,0x202,Vinegar,,,,,,,0x95c4a3,0x95c4a9,,weapon,,,,
343,North of Market,0x1C,0x453,0xc,$22B7&0x40,0x202,Vinegar,,,,,,,0x95c4c1,0x95c4c7,,weapon,,,,
344,North of Market,0x1C,0x456,0xd,$22B7&0x80,0x202,Vinegar,,,,,,,0x95c4db,0x95c4e1,,weapon,,,,
345,North of Market,0x1C,0x459,0xe,$22B8&0x01,0x213,Atlas Medallion,,,,,,,0x95c4f9,0x95c4ff,,weapon,,,,
346,W. Crustacia,0x5,0x51,0x9,$22D1&0x10,0x20D,Ethanol,,,,,,,0x96bdbe,0x96bdc4,,weapon,,,,
347,W. Crustacia,0x5,0x54,0xa,$22D1&0x20,0x20D,Ethanol,,,,,,,0x96bddc,0x96bde2,,weapon,,,,
348,W. Crustacia,0x5,0x57,0xb,$22D1&0x40,0x203,Root,,,,,,,0x96bdfa,0x96be00,,weapon,,,,
349,W. Crustacia,0x5,0x5A,0xc,$22D1&0x80,0x203,Root,,,,,,,0x96be18,0x96be1e,,weapon,,,,
350,W. Crustacia,0x5,0x5D,0xd,$22D2&0x01,0x203,Root,,,,,,,0x96be36,0x96be3c,,"weapon, revealer",,,,
351,W. Crustacia,0x5,0x60,0xe,$22D2&0x02,0x203,Root,,,,,,,0x96be50,0x96be56,,weapon,,,,
352,W. Crustacia,0x5,0x63,0xf,$22D2&0x04,0x208,Limestone,,,,,,,0x96be6e,0x96be74,,weapon,,,,
353,W. Crustacia,0x5,0x66,0x10,$22D2&0x08,0x208,Limestone,,,,,,,0x96be8c,0x96be92,,weapon,,,,
354,W. Crustacia,0x5,0x69,0x11,$22D2&0x10,0x200,Wax,,,,,,,0x96beaa,0x96beb0,,weapon,,,,
355,W. Crustacia,0x5,0x6C,0x12,$22D2&0x20,0x200,Wax,,,,,,,0x96bec8,0x96bece,,bronze axe+,,,,
356,W. Crustacia,0x5,0x6F,0x13,$22D2&0x40,0x201,Water,,,,,,,0x96bee6,0x96beec,,weapon,,,,
357,W. Crustacia,0x5,0x72,0x14,$22D2&0x80,0x202,Vinegar,,,,,,,0x96bf04,0x96bf0a,,bronze axe+,,,,
358,W. Crustacia,0x5,0x75,0x15,$22D3&0x01,0x202,Vinegar,,,,,,,0x96bf22,0x96bf28,,bronze axe+,,,,
359,W. Crustacia,0x5,0x78,0x16,$22D3&0x02,0x212,Bone,,,,,,,0x96bf40,0x96bf46,,bronze axe+,,,,
360,W. Crustacia,0x7,0xFC,0xc,$22C1&0x80,0x201,Water,,,,,,,0x96bcc0,0x96bcc6,,weapon,,,,
361,W. Crustacia,0x7,0xFF,0xb,$22C1&0x40,0x201,Water,,,,,,,0x96bca2,0x96bca8,,weapon,,,,
362,W. Crustacia,0x7,0x102,0xa,$22C1&0x20,0x203,Root,,,,,,,0x96bc84,0x96bc8a,,weapon,,,,
363,W. Crustacia,0x7,0x105,0x9,$22C1&0x10,0x214,Ash,,,,,,,0x96bc66,0x96bc6c,,weapon,,,,
364,W. Crustacia,0x7,0x108,0x8,$22C1&0x08,0x200,Wax,,,,,,,0x96bc48,0x96bc4e,,weapon,,,,
365,W. Crustacia,0x7,0x10B,0x7,$22C1&0x04,0x211,Brimstone,,,,,,,0x96bc2a,0x96bc30,,weapon,,,,
366,W. Crustacia,0x7,0x10E,0x6,$22C1&0x02,0x211,Brimstone,,,,,,,0x96bc10,0x96bc16,,weapon,,,,
367,W. Crustacia,0x7,0x111,0x5,$22C1&0x01,0x208,Limestone,,,,,,,0x96bbf2,0x96bbf8,,weapon,,,,
368,W. Crustacia,0x7,0x114,0x4,$22C0&0x80,0x208,Limestone,,,,,,,0x96bbd4,0x96bbda,,weapon,,,,
369,W. Crustacia,0x7,0x117,0x3,$22C0&0x40,0x202,Vinegar,,,,,,,0x96bbb6,0x96bbbc,,weapon,,,,
370,W. Crustacia,0x7,0x11A,0x2,$22C0&0x20,0x20D,Ethanol,,,,,,,0x96bb98,0x96bb9e,,weapon,,,,
371,W. Crustacia,0x7,0x11D,0x1,$22C0&0x10,0x20D,Ethanol,,,,,,,0x96bb7a,0x96bb80,,weapon,,,,
372,E. Crustacia,0x4F,0xCE1,0x1,$22B4&0x20,0x20D,Ethanol,,,,,,,0x95b438,0x95b43e,,"weapon, east crustacia chests access",,,hidden,
373,E. Crustacia,0x4F,0xCE4,0x2,$22B4&0x40,0x20D,Ethanol,,,,,,,0x95b456,0x95b45c,,weapon,,,,
374,E. Crustacia,0x4F,0xCE7,0x3,$22B4&0x80,0x20D,Ethanol,,,,,,,0x95b474,0x95b47a,,weapon,,,,
375,E. Crustacia,0x4F,0xCEA,0x4,$22B5&0x01,0x20D,Ethanol,,,,,,,0x95b492,0x95b498,,weapon,,,,
376,E. Crustacia,0x4F,0xCED,0x5,$22B5&0x02,0x203,Root,,,,,,,0x95b4ac,0x95b4b2,,weapon,,,,
377,E. Crustacia,0x4F,0xCF0,0x6,$22B5&0x04,0x208,Limestone,,,,,,,0x95b4ca,0x95b4d0,,weapon,,,,
378,E. Crustacia,0x4F,0xCF3,0x7,$22B5&0x08,0x208,Limestone,,,,,,,0x95b4e8,0x95b4ee,,weapon,,,,
379,E. Crustacia,0x4F,0xCF6,0x8,$22B5&0x10,0x200,Wax,,,,,,,0x95b506,0x95b50c,,weapon,,,,
380,E. Crustacia,0x4F,0xCF9,0x9,$22B5&0x20,0x200,Wax,,,,,,,0x95b524,0x95b52a,,weapon,,,,
381,E. Crustacia,0x4F,0xCFC,0xa,$22B5&0x40,0x200,Wax,,,,,,,0x95b53e,0x95b544,,weapon,,,,
382,E. Crustacia,0x4F,0xCFF,0xb,$22B5&0x80,0x202,Vinegar,,,,,,,0x95b55c,0x95b562,,weapon,,,,
383,E. Crustacia,0x4F,0xD02,0xc,$22B6&0x01,0x212,Bone,,,,,,,0x95b57a,0x95b580,,weapon,,,,
384,E. Crustacia,0x4F,0xD05,0xd,$22B6&0x02,0x211,Brimstone,,,,,,,0x95b598,0x95b59e,,weapon,,,,
385,E. Crustacia,0x4F,0xD08,0xe,$22B6&0x04,0x211,Brimstone,,,,,,,0x95b5b6,0x95b5bc,,"weapon, east crustacia chests access",,,hidden,
386,Horace's Camp,0x2F,0x6CF,0x2,$22BA&0x20,0x20D,Ethanol,,,,,,,0x96dda3,0x96dda9,,weapon,,,hidden,
387,Horace's Camp,0x2F,0x6D2,0x3,$22BB&0x01,0x203,Root,,,,,,,0x96ddf9,0x96ddff,,weapon,,,,
388,Horace's Camp,0x2F,0x6D5,0x4,$22BB&0x08,0x200,Wax,,,,,,,0x96de4f,0x96de55,,weapon,,,hidden,
389,Horace's Camp,0x2F,0x6D8,0x5,$22BB&0x02,0x208,Limestone,,,,,,,0x96de17,0x96de1d,,weapon,,,,
390,Horace's Camp,0x2F,0x6DB,0x6,$22BB&0x04,0x208,Limestone,,,,,,,0x96de31,0x96de37,,weapon,,,,
391,Horace's Camp,0x2F,0x6DE,0x7,$22BB&0x20,0x201,Water,,,,,,,0x96de87,0x96de8d,,weapon,,,,
392,Horace's Camp,0x2F,0x6E1,0x8,$22BB&0x40,0x202,Vinegar,,,,,,,0x96dea5,0x96deab,,weapon,,,,
393,Horace's Camp,0x2F,0x6E4,0x9,$22BB&0x80,0x214,Ash,,,,,,,0x96dec3,0x96dec9,,weapon,,,,
394,Horace's Camp,0x2F,0x6E7,0xa,$22BC&0x01,0x212,Bone,,,,,,,0x96dee1,0x96dee7,,weapon,,,,
395,Horace's Camp,0x2F,0x6EA,0xb,$22BC&0x02,0x212,Bone,,,,,,,0x96defb,0x96df01,,weapon,,,,
396,Horace's Camp,0x2F,0x6ED,0xc,$22BC&0x04,0x212,Bone,,,,,,,0x96df15,0x96df1b,,weapon,,,,
397,Horace's Camp,0x2F,0x6F0,0xd,$22BC&0x08,0x211,Brimstone,,,,,,,0x96df33,0x96df39,,weapon,,,,
398,Horace's Camp,0x2F,0x6F3,0xe,$22BC&0x10,0x211,Brimstone,,,,,,,0x96df51,0x96df57,,weapon,,,,
399,Horace's Camp,0x2F,0x6F6,0xf,$22BB&0x10,0x201,Water,,,,,,,0x96de6d,0x96de73,,weapon,,,,
400,Horace's Camp,0x2F,0x6F9,0x10,$22BA&0x10,0x20F,Crystal,,,,,,,0x96dd85,0x96dd8b,,weapon,,,,
401,Horace's Camp,0x2F,0x6FC,0x11,$22BA&0x08,0x210,Clay,,,,,,,0x96dd67,0x96dd6d,,weapon,,,,
402,Horace's Camp,0x2F,0x6FF,0x12,$22BA&0x80,0x203,Root,,,,,,,0x96dddf,0x96dde5,,weapon,,,,
403,Horace's Camp,0x2F,0x702,0x13,$22BA&0x40,0x203,Root,,,,,,,0x96ddc1,0x96ddc7,,weapon,,,hidden,
404,Horace's Camp,0x2F,0x705,0x14,$22BA&0x04,0x210,Clay,,,,,,,0x96dd4d,0x96dd53,,weapon,,,hidden,
405,Horace's Camp,0x2F,0x708,0x15,$22BA&0x02,0x204,Oil,,,,,,,0x96dd2f,0x96dd35,,weapon,,,hidden,
406,Pyramid Outside,0x6,0xAB,0x10,$22C3&0x10,0x200,Wax,,,,,,,0x96c4ed,0x96c4f3,,"weapon, pyramid",,,,
407,Pyramid Outside,0x6,0xAE,0x11,$22C3&0x20,0x200,Wax,,,,,,,0x96c50b,0x96c511,,"weapon, pyramid",,,,
408,Pyramid Outside,0x6,0xB1,0x12,$22C3&0x40,0x200,Wax,,,,,,,0x96c529,0x96c52f,,"weapon, pyramid",,,,
409,Pyramid Outside,0x6,0xB4,0x13,$22C3&0x80,0x200,Wax,,,,,,,0x96c547,0x96c54d,,"weapon, pyramid",,,,
410,Pyramid Outside,0x6,0xB7,0x14,$22C4&0x01,0x214,Ash,,,,,,,0x96c565,0x96c56b,,"weapon, pyramid",,,,
411,Pyramid Outside,0x6,0xBA,0x15,$22C4&0x02,0x214,Ash,,,,,,,0x96c583,0x96c589,,"weapon, pyramid",,,,
412,Pyramid Outside,0x6,0xBD,0x16,$22C4&0x04,0x212,Bone,,,,,,,0x96c5a1,0x96c5a7,,"weapon, pyramid",,,,
413,Pyramid Outside,0x6,0xC0,0x17,$22C4&0x08,0x212,Bone,,,,,,,0x96c5bf,0x96c5c5,,"weapon, pyramid",,,,
414,Pyramid Outside,0x6,0xC3,0x18,$22C4&0x10,0x212,Bone,,,,,,,0x96c5dd,0x96c5e3,,"weapon, pyramid",,,,
415,Pyramid Outside,0x6,0xC6,0x19,$22C4&0x20,0x211,Brimstone,,,,,,,0x96c5fb,0x96c601,,"weapon, pyramid",,,,
416,Pyramid Outside,0x6,0xC9,0x1a,$22C4&0x40,0x211,Brimstone,,,,,,,0x96c619,0x96c61f,,"weapon, pyramid",,,,
417,Pyramid Outside,0x6,0xCC,0x1b,$22C4&0x80,0x211,Brimstone,,,,,,,0x96c637,0x96c63d,,"weapon, pyramid",,,,
418,Pyramid Outside,0x6,0xCF,0x1c,$22C5&0x01,0x211,Brimstone,,,,,,,0x96c655,0x96c65b,,"weapon, pyramid",,,,
419,Pyramid Outside,0x6,0xD2,0x1d,$22C5&0x02,0x201,Water,,,,,,,0x96c673,0x96c679,,"weapon, pyramid",,,,
420,Pyramid Outside,0x6,0xD5,0x1e,$22C5&0x04,0x208,Limestone,,,,,,,0x96c691,0x96c697,unreachable,"weapon, pyramid",,,,
421,Pyramid Outside,0x6,0xD8,0x1f,$22C5&0x08,0x208,Limestone,,,,,,,0x96c6af,0x96c6b5,,"weapon, pyramid",,,,
422,Pyramid Outside,0x6,0xDB,0x20,$22C5&0x10,0x203,Root,,,,,,,0x96c6cd,0x96c6d3,,"weapon, pyramid",,,,
423,Pyramid Outside,0x6,0xDE,0x21,$22C5&0x20,0x203,Root,,,,,,,0x96c6eb,0x96c6f1,,"weapon, pyramid",,,,
424,Pyramid Outside,0x6,0xE1,0x22,$22C5&0x40,0x203,Root,,,,,,,0x96c709,0x96c70f,,"weapon, pyramid",,,,
425,Pyramid Outside,0x6,0xE4,0x23,$22C5&0x80,0x202,Vinegar,,,,,,,0x96c727,0x96c72d,,"weapon, pyramid",,,,
426,Halls Outside,0x2B,0x64B,0xf,$22BA&0x01,0x214,Ash,,,,,,,0x95e4f2,0x95e4f8,,"weapon, revealer",,,,
427,Halls Outside,0x2B,0x64E,0xe,$22B9&0x80,0x214,Ash,,,,,,,0x95e4d4,0x95e4da,,"weapon, revealer",,,,
428,Halls Outside,0x2B,0x651,0xd,$22B9&0x40,0x214,Ash,,,,,,,0x95e4ba,0x95e4c0,,"weapon, revealer",,,,
429,Halls Outside,0x2B,0x654,0xc,$22B9&0x20,0x20D,Ethanol,,,,,,,0x95e49c,0x95e4a2,,"weapon, revealer",,,,
430,Halls Outside,0x2B,0x657,0xb,$22B9&0x10,0x20D,Ethanol,,,,,,,0x95e482,0x95e488,,"weapon, revealer",,,,
431,Halls Outside,0x2B,0x65A,0xa,$22B9&0x08,0x20D,Ethanol,,,,,,,0x95e464,0x95e46a,,"weapon, revealer",,,,
432,Halls Outside,0x2B,0x65D,0x9,$22B9&0x04,0x212,Bone,,,,,,,0x95e446,0x95e44c,,"weapon, revealer",,,,
433,Halls Outside,0x2B,0x660,0x8,$22B9&0x02,0x212,Bone,,,,,,,0x95e428,0x95e42e,,"weapon, revealer",,,,
434,Halls Outside,0x2B,0x663,0x7,$22B9&0x01,0x212,Bone,,,,,,,0x95e40a,0x95e410,,"weapon, revealer",,,,
435,Halls Outside,0x2B,0x666,0x6,$22B8&0x80,0x208,Limestone,,,,,,,0x95e3ec,0x95e3f2,,"weapon, revealer",,,,
436,Halls Outside,0x2B,0x669,0x5,$22B8&0x40,0x208,Limestone,,,,,,,0x95e3ce,0x95e3d4,,"weapon, revealer",,,,
437,Halls Outside,0x2B,0x66C,0x4,$22B8&0x20,0x208,Limestone,,,,,,,0x95e3b4,0x95e3ba,,"weapon, revealer",,,,
438,Halls Outside,0x2B,0x66F,0x3,$22B8&0x10,0x211,Brimstone,,,,,,,0x95e396,0x95e39c,,"weapon, revealer",,,,
439,Halls Outside,0x2B,0x672,0x2,$22B8&0x08,0x211,Brimstone,,,,,,,0x95e378,0x95e37e,,"weapon, revealer",,,,
440,Halls Outside,0x2B,0x675,0x1,$22B8&0x04,0x211,Brimstone,,,,,,,0x95e35e,0x95e364,,"weapon, revealer",,,,
441,Halls Outside,0x2B,0x678,0x0,$22B8&0x02,0x211,Brimstone,,,,,,,0x95e340,0x95e346,,"weapon, revealer",,,,
442,Oglin Cave,0x4B,0xC48,0x1f,$22C0&0x08,0x211,Brimstone,,,,,,,0x97d810,0x97d816,,"weapon, oglin cave access",,,far,
443,Oglin Cave,0x4B,0xC4B,0x1e,$22C0&0x04,0x211,Brimstone,,,,,,,0x97d7f2,0x97d7f8,,"weapon, oglin cave access",,,far,
444,Oglin Cave,0x4B,0xC4E,0x1d,$22C0&0x02,0x212,Bone,,,,,,,0x97d7d4,0x97d7da,,"weapon, oglin cave access",,,far,
445,Oglin Cave,0x4B,0xC51,0x1c,$22C0&0x01,0x212,Bone,,,,,,,0x97d7ba,0x97d7c0,,"weapon, oglin cave access",,,far,
446,Oglin Cave,0x4B,0xC54,0x1b,$22BF&0x80,0x212,Bone,,,,,,,0x97d79c,0x97d7a2,,"weapon, oglin cave access",,,far,
447,Oglin Cave,0x4B,0xC57,0x1a,$22BF&0x40,0x214,Ash,,,,,,,0x97d77e,0x97d784,,"weapon, oglin cave access",,,far,
448,Oglin Cave,0x4B,0xC5A,0x19,$22BF&0x20,0x202,Vinegar,,,,,,,0x97d760,0x97d766,,"weapon, oglin cave access",,,far,
449,Oglin Cave,0x4B,0xC5D,0x18,$22BF&0x10,0x202,Vinegar,,,,,,,0x97d742,0x97d748,,"weapon, oglin cave access",,,far,
450,Oglin Cave,0x4B,0xC60,0x17,$22BF&0x08,0x201,Water,,,,,,,0x97d724,0x97d72a,,"weapon, oglin cave access",,,far,
451,Oglin Cave,0x4B,0xC63,0x16,$22BF&0x04,0x201,Water,,,,,,,0x97d70a,0x97d710,,"weapon, oglin cave access",,,far,
452,Oglin Cave,0x4B,0xC66,0x15,$22BF&0x02,0x201,Water,,,,,,,0x97d6ec,0x97d6f2,,"weapon, oglin cave access",,,far,
453,Oglin Cave,0x4B,0xC69,0x14,$22BF&0x01,0x201,Water,,,,,,,0x97d6ce,0x97d6d4,,"weapon, oglin cave access",,,far,
454,Oglin Cave,0x4B,0xC6C,0x13,$22BE&0x80,0x200,Wax,,,,,,,0x97d6b0,0x97d6b6,,"weapon, oglin cave access",,,far,
455,Oglin Cave,0x4B,0xC6F,0x12,$22BE&0x40,0x200,Wax,,,,,,,0x97d692,0x97d698,,"weapon, oglin cave access",,,far,
456,Oglin Cave,0x4B,0xC72,0x11,$22BE&0x20,0x208,Limestone,,,,,,,0x97d678,0x97d67e,,"weapon, oglin cave access",,,far,
457,Oglin Cave,0x4B,0xC75,0x10,$22BE&0x10,0x208,Limestone,,,,,,,0x97d65a,0x97d660,,"weapon, oglin cave access",,,far,
458,Oglin Cave,0x4B,0xC78,0xf,$22BE&0x08,0x208,Limestone,,,,,,,0x97d63c,0x97d642,,"weapon, oglin cave access",,,far,
459,Oglin Cave,0x4B,0xC7B,0xe,$22BE&0x04,0x208,Limestone,,,,,,,0x97d61e,0x97d624,,"weapon, oglin cave access",,,far,
460,Oglin Cave,0x4B,0xC7E,0xd,$22BE&0x02,0x203,Root,,,,,,,0x97d600,0x97d606,,"weapon, oglin cave access",,,far,
461,Oglin Cave,0x4B,0xC81,0xc,$22BE&0x01,0x20D,Ethanol,,,,,,,0x97d5e2,0x97d5e8,,"weapon, oglin cave access",,,far,
462,Oglin Cave,0x4B,0xC84,0xb,$22BD&0x80,0x20D,Ethanol,,,,,,,0x97d5c4,0x97d5ca,,"weapon, oglin cave access",,,far,
463,Oglin Cave,0x4B,0xC87,0xa,$22BD&0x40,0x20D,Ethanol,,,,,,,0x97d5aa,0x97d5b0,,"weapon, oglin cave access",,,far,
464,Oglin Cave,0x4B,0xC8A,0x9,$22BD&0x20,0x20F,Crystal,,,,,,,0x97d58c,0x97d592,,"weapon, oglin cave access",,,far,
465,Oglin Cave,0x4B,0xC8D,0x8,$22BD&0x10,0x20F,Crystal,,,,,,,0x97d56e,0x97d574,,"weapon, oglin cave access",,,far,
466,Oglin Cave,0x4B,0xC90,0x7,$22BD&0x08,0x210,Clay,,,,,,,0x97d550,0x97d556,,"weapon, oglin cave access",,,far,
467,Oglin Cave,0x4B,0xC93,0x6,$22BD&0x04,0x210,Clay,,,,,,,0x97d536,0x97d53c,,"weapon, oglin cave access",,,far,
468,Oglin Cave,0x4B,0xC96,0x5,$22BD&0x02,0x210,Clay,,,,,,,0x97d518,0x97d51e,,"weapon, oglin cave access",,,far,
469,Oglin Cave,0x4B,0xC99,0x4,$22BD&0x01,0x210,Clay,,,,,,,0x97d4fa,0x97d500,,"weapon, oglin cave access",,,far,
470,Oglin Cave,0x4B,0xC9C,0x3,$22BC&0x80,0x204,Oil,,,,,,,0x97d4dc,0x97d4e2,,"weapon, oglin cave access",,,far,
471,Oglin Cave,0x4B,0xC9F,0x2,$22BC&0x40,0x204,Oil,,,,,,,0x97d4c2,0x97d4c8,,"weapon, oglin cave access",,,far,
472,Oglin Cave,0x4B,0xCA2,0x1,$22BC&0x20,0x204,Oil,,,,,,,0x97d4a4,0x97d4aa,,"weapon, oglin cave access",,,far,
473,Gomi's Tower,0x37,0x79E,0x1c,$22D7&0x20,0x201,Water,,,,,,,0x99a5ec,0x99a5f2,,knight basher,,,dumb,
474,Gomi's Tower,0x37,0x7A1,0x1b,$22D7&0x10,0x201,Water,,,,,,,0x99a5ce,0x99a5d4,,knight basher,,,dumb,
475,Gomi's Tower,0x37,0x7A4,0x1a,$22D7&0x08,0x215,Acorn,,,,,,,0x99a5b0,0x99a5b6,,knight basher,,,dumb,
476,Gomi's Tower,0x37,0x7A7,0x19,$22D7&0x04,0x215,Acorn,,,,,,,0x99a592,0x99a598,,knight basher,,,dumb,
477,Gomi's Tower,0x37,0x7AA,0x18,$22D7&0x02,0x206,Mushroom,,,,,,,0x99a574,0x99a57a,,knight basher,,,dumb,
478,Gomi's Tower,0x37,0x7AD,0x17,$22D7&0x01,0x206,Mushroom,,,,,,,0x99a556,0x99a55c,,knight basher,,,dumb,
479,Gomi's Tower,0x37,0x7B0,0x16,$22D6&0x80,0x203,Root,,,,,,,0x99a53c,0x99a542,,knight basher,,,dumb,
480,Gomi's Tower,0x37,0x7B3,0x15,$22D6&0x40,0x203,Root,,,,,,,0x99a51e,0x99a524,,knight basher,,,dumb,
481,Gomi's Tower,0x37,0x7B6,0x14,$22D6&0x20,0x20C,Feather,,,,,,,0x99a500,0x99a506,,knight basher,,,dumb,
482,Gomi's Tower,0x37,0x7B9,0x13,$22D6&0x10,0x20C,Feather,,,,,,,0x99a4e2,0x99a4e8,,knight basher,,,dumb,
483,Gomi's Tower,0x37,0x7BC,0x12,$22D6&0x08,0x20C,Feather,,,,,,,0x99a4c4,0x99a4ca,,knight basher,,,dumb,
484,Gomi's Tower,0x37,0x7BF,0x11,$22D6&0x04,0x209,Iron,,,,,,,0x99a4aa,0x99a4b0,,knight basher,,,dumb,
485,Gomi's Tower,0x37,0x7C2,0x10,$22D6&0x02,0x209,Iron,,,,,,,0x99a48c,0x99a492,,knight basher,,,dumb,
486,Gomi's Tower,0x37,0x7C5,0xf,$22D6&0x01,0x214,Ash,,,,,,,0x99a46e,0x99a474,,knight basher,,,dumb,
487,Gomi's Tower,0x37,0x7C8,0xe,$22D5&0x80,0x214,Ash,,,,,,,0x99a450,0x99a456,,knight basher,,,dumb,
488,Gomi's Tower,0x37,0x7CB,0xd,$22D5&0x40,0x20D,Ethanol,,,,,,,0x99a432,0x99a438,,knight basher,,,dumb,
489,Gomi's Tower,0x37,0x7CE,0xc,$22D5&0x20,0x20D,Ethanol,,,,,,,0x99a414,0x99a41a,,knight basher,,,dumb,
490,Gomi's Tower,0x37,0x7D1,0xb,$22D5&0x10,0x20D,Ethanol,,,,,,,0x99a3f6,0x99a3fc,,knight basher,,,dumb,
491,Dark Forest,0x22,0x498,0x16,$22C8&0x02,0x206,Mushroom,,,,,,,0x99a867,0x99a86d,,weapon,,,dumb,
492,Dark Forest,0x22,0x498,0x14,$22C8&0x10,0x209,Iron,,,,,,,0x99a8c1,0x99a8c7,,weapon,,,dumb,
493,Dark Forest,0x22,0x498,0x15,$22C9&0x40,0x211,Brimstone,,,,,,,0x99a9ed,0x99a9f3,,weapon,,,dumb,
494,Dark Forest,0x22,0x498,0x16,$22C9&0x02,0x203,Root,,,,,,,0x99a957,0x99a95d,,weapon,,,dumb,
495,Dark Forest,0x22,0x498,0x16,$22C8&0x40,0x20C,Feather,,,,,,,0x99a8fd,0x99a903,,weapon,,,dumb,
496,Dark Forest,0x22,0x498,0x17,$22C9&0x04,0x203,Root,,,,,,,0x99a975,0x99a97b,,weapon,,,dumb,
497,Dark Forest,0x22,0x498,0x17,$22C9&0x80,0x211,Brimstone,,,,,,,0x99aa0b,0x99aa11,,weapon,,,dumb,
498,Dark Forest,0x22,0x498,0x16,$22C8&0x04,0x206,Mushroom,,,,,,,0x99a885,0x99a88b,,weapon,,,dumb,
499,Dark Forest,0x22,0x498,0x14,$22C8&0x20,0x209,Iron,,,,,,,0x99a8df,0x99a8e5,,weapon,,,dumb,
500,Dark Forest,0x22,0x498,0x16,$22C9&0x20,0x214,Ash,,,,,,,0x99a9cf,0x99a9d5,,weapon,,,dumb,
501,Dark Forest,0x22,0x498,0x17,$22C8&0x80,0x20C,Feather,,,,,,,0x99a91b,0x99a921,,weapon,,,dumb,
502,Dark Forest,0x22,0x498,0x17,$22C9&0x10,0x215,Acorn,,,,,,,0x99a9b1,0x99a9b7,,weapon,,,dumb,
503,Dark Forest,0x22,0x498,0x15,$22C9&0x08,0x203,Root,,,,,,,0x99a993,0x99a999,,weapon,,,dumb,
504,Dark Forest,0x22,0x498,0x14,$22C8&0x08,0x206,Mushroom,,,,,,,0x99a8a3,0x99a8a9,,weapon,,,dumb,
505,Dark Forest,0x22,0x498,0x14,$22C9&0x01,0x20C,Feather,,,,,,,0x99a939,0x99a93f,,weapon,,,dumb,
506,Outside Ivor,0x76,0x152A,0x13,$22C8&0x01,0x214,Ash,,,,,,,0x98bab0,0x98bab6,,weapon,,,,
507,Outside Ivor,0x76,0x152D,0x12,$22C7&0x80,0x214,Ash,,,,,,,0x98ba92,0x98ba98,,weapon,,,,
508,Outside Ivor,0x76,0x1530,0x11,$22C7&0x40,0x20D,Ethanol,,,,,,,0x98ba74,0x98ba7a,,weapon,,,hidden,
509,Outside Ivor,0x76,0x1533,0x10,$22C7&0x20,0x203,Root,,,,,,,0x98ba56,0x98ba5c,,weapon,,,hidden,
510,Outside Ivor,0x76,0x1536,0xf,$22C7&0x10,0x203,Root,,,,,,,0x98ba38,0x98ba3e,,weapon,,,,
511,Outside Ivor,0x76,0x1539,0xe,$22C7&0x08,0x201,Water,,,,,,,0x98ba1a,0x98ba20,,weapon,,,,
512,Outside Ivor,0x76,0x153C,0xd,$22C7&0x04,0x211,Brimstone,,,,,,,0x98b9fc,0x98ba02,,weapon,,,,
513,Outside Ivor,0x76,0x153F,0xc,$22C7&0x02,0x20C,Feather,,,,,,,0x98b9de,0x98b9e4,,weapon,,,,
514,Outside Ivor,0x76,0x1542,0xb,$22C7&0x01,0x20C,Feather,,,,,,,0x98b9c0,0x98b9c6,,weapon,,,,
515,Outside Ivor,0x76,0x1545,0xa,$22C6&0x80,0x206,Mushroom,,,,,,,0x98b9a2,0x98b9a8,,weapon,,,hidden,
516,Outside Ivor,0x76,0x1548,0x9,$22C6&0x40,0x206,Mushroom,,,,,,,0x98b984,0x98b98a,,weapon,,,hidden,
517,Outside Ivor,0x76,0x154B,0x8,$22C6&0x20,0x206,Mushroom,,,,,,,0x98b966,0x98b96c,,weapon,,,,
518,Outside Ivor,0x76,0x154E,0x7,$22C6&0x10,0x215,Acorn,,,,,,,0x98b948,0x98b94e,,weapon,,,,
519,Outside Ivor,0x76,0x1551,0x6,$22C6&0x08,0x215,Acorn,,,,,,,0x98b92a,0x98b930,,weapon,,,,
520,Outside Ivor,0x76,0x1554,0x5,$22C6&0x04,0x209,Iron,,,,,,,0x98b90c,0x98b912,,weapon,,,,
521,Outside Ivor,0x76,0x1557,0x4,$22C6&0x02,0x209,Iron,,,,,,,0x98b8ee,0x98b8f4,,weapon,,,,
522,Chessboard,0x19,0x3AE,0x18,$22CC&0x04,0x201,Water,,,,,,,0x99d816,0x99d81c,,weapon,,,,
523,Chessboard,0x19,0x3B1,0x17,$22CC&0x02,0x201,Water,,,,,,,0x99d7f8,0x99d7fe,,weapon,,,,
524,Chessboard,0x19,0x3B4,0x16,$22CC&0x01,0x214,Ash,,,,,,,0x99d7da,0x99d7e0,,weapon,,,,
525,Chessboard,0x19,0x3B7,0x15,$22CB&0x80,0x214,Ash,,,,,,,0x99d7bc,0x99d7c2,,weapon,,,,
526,Chessboard,0x19,0x3BA,0x14,$22CB&0x40,0x203,Root,,,,,,,0x99d79e,0x99d7a4,,weapon,,,,
527,Chessboard,0x19,0x3BD,0x13,$22CB&0x20,0x203,Root,,,,,,,0x99d780,0x99d786,,weapon,,,,
528,Chessboard,0x19,0x3C0,0x12,$22CB&0x10,0x203,Root,,,,,,,0x99d762,0x99d768,,weapon,,,,
529,Chessboard,0x19,0x3C3,0x11,$22CB&0x08,0x203,Root,,,,,,,0x99d744,0x99d74a,,weapon,,,,
530,Chessboard,0x19,0x3C6,0x10,$22CB&0x04,0x211,Brimstone,,,,,,,0x99d726,0x99d72c,,weapon,,,,
531,Chessboard,0x19,0x3C9,0xf,$22CB&0x02,0x211,Brimstone,,,,,,,0x99d708,0x99d70e,,weapon,,,,
532,Chessboard,0x19,0x3CC,0xe,$22CB&0x01,0x211,Brimstone,,,,,,,0x99d6ea,0x99d6f0,,weapon,,,,
533,Chessboard,0x19,0x3CF,0xd,$22CA&0x40,0x209,Iron,,,,,,,0x99d6ae,0x99d6b4,,weapon,,,,
534,Chessboard,0x19,0x3D2,0xc,$22CA&0x20,0x209,Iron,,,,,,,0x99d694,0x99d69a,,weapon,,,,
535,Chessboard,0x19,0x3D5,0xb,$22CA&0x80,0x20C,Feather,,,,,,,0x99d6cc,0x99d6d2,,weapon,,,,
536,Chessboard,0x19,0x3D8,0xa,$22CA&0x10,0x215,Acorn,,,,,,,0x99d676,0x99d67c,,weapon,,,,
537,Chessboard,0x19,0x3DB,0x9,$22CA&0x08,0x215,Acorn,,,,,,,0x99d658,0x99d65e,,weapon,,,,
538,Chessboard,0x19,0x3DE,0x8,$22CA&0x04,0x215,Acorn,,,,,,,0x99d63a,0x99d640,,weapon,,,,
539,Chessboard,0x19,0x3E1,0x7,$22CA&0x02,0x206,Mushroom,,,,,,,0x99d61c,0x99d622,,weapon,,,,
540,Chessboard,0x19,0x3E4,0x6,$22CA&0x01,0x206,Mushroom,,,,,,,0x99d5fe,0x99d604,,weapon,,,,
541,Ivor Jail,0x74,0x151B,0x0,$22D8&0x04,0x41F,Iron Bracer,,,,,,,0x98a445,0x98a44b,,weapon,,,,
542,Ivor East,0x71,0x13D1,0x47,$22CF&0x08,0x20D,Ethanol,,,,,,,0x9884e3,0x9884e9,,weapon,,,,
543,Ivor East,0x71,0x13D4,0x46,$22CF&0x04,0x20D,Ethanol,,,,,,,0x9884c5,0x9884cb,,weapon,,,dumb,
544,Ivor East,0x71,0x13D7,0x45,$22CF&0x02,0x20D,Ethanol,,,,,,,0x9884a7,0x9884ad,,"weapon, queen's key chests access",,,,
545,Ivor East,0x71,0x13DA,0x44,$22CF&0x01,0x20D,Ethanol,,,,,,,0x988489,0x98848f,,weapon,,,,
546,Ivor East,0x71,0x13DD,0x43,$22CE&0x80,0x201,Water,,,,,,,0x98846b,0x988471,,"weapon, queen's key chests access",,,,
547,Ivor East,0x71,0x13E0,0x42,$22CE&0x40,0x201,Water,,,,,,,0x98844d,0x988453,,"weapon, queen's key chests access",,,,
548,Ivor East,0x71,0x13E3,0x41,$22CE&0x20,0x214,Ash,,,,,,,0x98842f,0x988435,,weapon,,,,
549,Ivor East,0x71,0x13E6,0x40,$22CE&0x10,0x214,Ash,,,,,,,0x988411,0x988417,,weapon,,,,
550,Ivor East,0x71,0x13E9,0x3f,$22CE&0x08,0x203,Root,,,,,,,0x9883f3,0x9883f9,,"weapon, queen's key chests access",,,,
551,Ivor East,0x71,0x13EC,0x3e,$22CE&0x04,0x203,Root,,,,,,,0x9883d5,0x9883db,,"weapon, queen's key chests access",,,,
552,Ivor East,0x71,0x13EF,0x3d,$22CE&0x02,0x203,Root,,,,,,,0x9883bb,0x9883c1,,"weapon, queen's key chests access",,,,
553,Ivor East,0x71,0x13F2,0x3c,$22CE&0x01,0x203,Root,,,,,,,0x98839d,0x9883a3,,"weapon, queen's key chests access",,,,
554,Ivor East,0x71,0x13F5,0x3b,$22CD&0x80,0x20C,Feather,,,,,,,0x988325,0x98832b,,"weapon, queen's key chests access",,,,
555,Ivor East,0x71,0x13F8,0x3a,$22CD&0x40,0x20C,Feather,,,,,,,0x988307,0x98830d,,"weapon, queen's key chests access",,,,
556,Ivor East,0x71,0x13FB,0x39,$22CD&0x20,0x20C,Feather,,,,,,,0x9882e9,0x9882ef,,"weapon, queen's key chests access",,,,
557,Ivor East,0x71,0x13FE,0x38,$22CD&0x10,0x211,Brimstone,,,,,,,0x98837f,0x988385,,"weapon, queen's key chests access",,,,
558,Ivor East,0x71,0x1401,0x37,$22CD&0x08,0x211,Brimstone,,,,,,,0x988361,0x988367,,"weapon, queen's key chests access",,,,
559,Ivor East,0x71,0x1404,0x36,$22CD&0x04,0x211,Brimstone,,,,,,,0x988343,0x988349,,"weapon, queen's key chests access",,,,
560,Ivor East,0x71,0x1407,0x35,$22CD&0x02,0x206,Mushroom,,,,,,,0x988239,0x98823f,,"weapon, queen's key chests access",,,,
561,Ivor East,0x71,0x140A,0x34,$22CD&0x01,0x206,Mushroom,,,,,,,0x98821b,0x988221,,"weapon, queen's key chests access",,,,
562,Ivor East,0x71,0x140D,0x33,$22CC&0x80,0x215,Acorn,,,,,,,0x98828f,0x988295,,weapon,,,,
563,Ivor East,0x71,0x1410,0x32,$22CC&0x40,0x215,Acorn,,,,,,,0x988271,0x988277,,"weapon, queen's key chests access",,,,
564,Ivor East,0x71,0x1413,0x31,$22CC&0x20,0x215,Acorn,,,,,,,0x988257,0x98825d,,"weapon, queen's key chests access",,,,
565,Ivor East,0x71,0x1416,0x30,$22CC&0x10,0x209,Iron,,,,,,,0x9882cb,0x9882d1,,"weapon, queen's key chests access",,,,
566,Ivor East,0x71,0x1419,0x2f,$22CC&0x08,0x209,Iron,,,,,,,0x9882ad,0x9882b3,,"weapon, queen's key chests access",,,,
567,Ivor Upper Floor,0x72,0x146A,0x1f,$22D5&0x08,0x201,Water,,,,,,,0x989027,0x98902d,,weapon,,,,
568,Ivor Upper Floor,0x72,0x146D,0x20,$22D5&0x04,0x201,Water,,,,,,,0x989009,0x98900f,,weapon,,,,
569,Ivor Upper Floor,0x72,0x1470,0x1e,$22D5&0x02,0x215,Acorn,,,,,,,0x988feb,0x988ff1,,weapon,,,,
570,Ivor Upper Floor,0x72,0x1473,0x1d,$22D5&0x01,0x215,Acorn,,,,,,,0x988fcd,0x988fd3,,weapon,,,,
571,Ivor Upper Floor,0x72,0x1476,0x1c,$22D4&0x80,0x215,Acorn,,,,,,,0x988faf,0x988fb5,,weapon,,,,
572,Ivor Upper Floor,0x72,0x1479,0x1b,$22D4&0x40,0x20C,Feather,,,,,,,0x988f91,0x988f97,,weapon,,,,
573,Ivor Upper Floor,0x72,0x147C,0x1a,$22D4&0x20,0x20C,Feather,,,,,,,0x988f73,0x988f79,,weapon,,,,
574,Ivor Upper Floor,0x72,0x147F,0x19,$22D4&0x10,0x20C,Feather,,,,,,,0x988f55,0x988f5b,,weapon,,,,
575,Ivor Upper Floor,0x72,0x1482,0x18,$22D4&0x08,0x20D,Ethanol,,,,,,,0x988f37,0x988f3d,,weapon,,,,
576,Ivor Upper Floor,0x72,0x1485,0x17,$22D4&0x04,0x20D,Ethanol,,,,,,,0x988f19,0x988f1f,,weapon,,,,
577,Ivor Upper Floor,0x72,0x1488,0x16,$22D4&0x02,0x214,Ash,,,,,,,0x988efb,0x988f01,,weapon,,,,
578,Ivor Upper Floor,0x72,0x148B,0x15,$22D4&0x01,0x214,Ash,,,,,,,0x988edd,0x988ee3,,weapon,,,,
579,Ivor Upper Floor,0x72,0x148E,0x14,$22D3&0x80,0x209,Iron,,,,,,,0x988ebf,0x988ec5,,weapon,,,,
580,Ivor Upper Floor,0x72,0x1491,0x13,$22D3&0x40,0x209,Iron,,,,,,,0x988ea1,0x988ea7,,weapon,,,,
581,Boiler Room,0x7E,0x1644,0x15,$22C3&0x08,0x211,Brimstone,,,,,,,0x9b9934,0x9b993a,,rocket,,,far,
582,Boiler Room,0x7E,0x1647,0x14,$22C3&0x04,0x211,Brimstone,,,,,,,0x9b9916,0x9b991c,,rocket,,,far,
583,Boiler Room,0x7E,0x164A,0x13,$22C3&0x02,0x200,Wax,,,,,,,0x9b98f8,0x9b98fe,,rocket,,,far,
584,Boiler Room,0x7E,0x164D,0x12,$22C3&0x01,0x20F,Crystal,,,,,,,0x9b98da,0x9b98e0,,rocket,,,far,
585,Boiler Room,0x7E,0x1650,0x11,$22C2&0x80,0x209,Iron,,,,,,,0x9b98c0,0x9b98c6,,rocket,,,far,
586,Boiler Room,0x7E,0x1653,0x10,$22C2&0x40,0x209,Iron,,,,,,,0x9b98a2,0x9b98a8,,rocket,,,far,
587,Boiler Room,0x7E,0x1656,0xf,$22C2&0x20,0x20E,Dry Ice,,,,,,,0x9b9884,0x9b988a,,rocket,,,far,
588,Boiler Room,0x7E,0x1659,0xe,$22C2&0x10,0x207,Meteorite,,,,,,,0x9b9866,0x9b986c,,rocket,,,far,
589,Boiler Room,0x7E,0x165C,0xd,$22C2&0x08,0x20B,Grease,,,,,,,0x9b9848,0x9b984e,,rocket,,,far,
590,Boiler Room,0x7E,0x165F,0xc,$22C2&0x04,0x20B,Grease,,,,,,,0x9b982a,0x9b9830,,rocket,,,far,
591,Boiler Room,0x7E,0x1662,0xb,$22C2&0x02,0x20A,Gunpowder,,,,,,,0x9b980c,0x9b9812,,rocket,,,far,
592,Boiler Room,0x7E,0x1665,0xa,$22C2&0x01,0x20A,Gunpowder,,,,,,,0x9b97ee,0x9b97f4,,rocket,,,far,
